id,type,name,player_type,player_type_label,bot_style,bot_style_label,market_focus,algo_pattern,algo_label,capital,capital_label,aggressiveness,patience,sector_bias,defense_threshold,news_sensitivity,trade_frequency,stock_max_pct,bond_max_pct,derivative_max_pct,cash_min_pct,bond_grade,derivative_purpose,stock_style,bond_style,derivative_style,rationale,description
LP-KR-01,LP,국민연금공단,PENSION,연기금,PASSIVE,패시브,DOMESTIC,DEFENDER,하락장 방어형,1000000000000000,1000조,0.32,0.86,,3.8,0.23,0.20,63,29.4,3.5,5.4,우량채권 (투자등급),헷징 (위험 회피),대형 우량주·블루칩 중심. 장기 보유. 시장 하락 시 저가 매수로 비중 확대.,정부채·AAA급 우량 회사채만 매입. 신용등급 투자급 이하 불매.,헷징 목적만. 주식 포지션 보호용 풋옵션·선물 매도. 투기적 포지션 금지.,국민/공무원 연금 자금은 원본 손실이 곧 사회적 문제. 원본 보전이 최우선이므로 가장 보수적으로 운용. 파생상품은 순수 헷징 용도로만 제한.,가장 막강한 자금력. 장기 가치 투자. 하락장에서 저가 매수로 증시 방어. 묵직하게 우량주 바닥 지지.
LP-KR-02,LP,한국투자증권 프랍,SECURITIES,금융투자,ACTIVE,액티브,DOMESTIC,SCALPER,스캘핑형,150000000000000,150조,0.68,0.14,,99.0,0.54,0.95,36.2,12.5,37.6,8.3,혼합 (우량+일부 고수익),차익거래 (가격 왜곡 이용),단기 스윙·알고리즘 매매. 포지션 보유 시간 짧음. 차익·통계적 차익 기회 포착.,단기 채권·CD·RP 활용. 유동성 확보 목적. 등급은 혼합 (차익 기회가 있으면 투자급 이하도 일부).,"차익거래·통계적 차익 주력. 선물-현물 베이시스, 옵션 변동성 차익. 방향성 베팅보다 가격 왜곡 이용.",증권사 자기자금(프랍)은 분기 수익이 평가되므로 단기 성과 압박. 방향성 베팅보다 차익/알고리즘으로 안정적 수익 추구. 파생상품 비율이 높지만 투기가 아닌 차익 목적.,증권사 자기자금 직접 매매. 단기 차익·알고리즘 매매. 호가창 빈 공간을 초단타로 채우고 빠짐.
LP-KR-03,LP,미래에셋자산운용,INVESTMENT_TRUST,투신,ACTIVE,액티브,DOMESTIC,TREND_CHASER,트렌드 추종형,300000000000000,300조,0.81,0.33,반도체,99.0,0.94,0.80,78.3,12.8,8.1,5,우량채권 (투자등급),헷징 (위험 회피),주도주·성장주 적극 추종. 펀드 벤치마크 초과 수익(Alpha) 추구. 섹터 로테이션 적극 활용.,투자등급(A- 이상) 회사채·국채. 펀드 안전자산 비중용. 정크본드 불매.,주로 헷징. 일부 ETF 선물로 섹터 비중 조정. 투기적 숏 포지션은 제한적.,펀드 수익률이 벤치마크(코스피/S&P500)를 이겨야 고객 자금이 유입됨. 따라서 주도주 추종이 핵심. 하지만 원본 손실 시 환매 급증 위험으로 파생상품은 헷징 위주로 제한.,펀드 수익률 벤치마크 초과 달성 목표. 주도주 트렌드 적극 추종. 호재 시 가장 공격적으로 매수 호가 올림.
LP-KR-04,LP,삼성생명 보험운용,INSURANCE_BANK,보험/은행,PASSIVE,패시브,DOMESTIC,VALUE_HOLDER,가치 보유형,200000000000000,200조,0.16,0.94,금융,6.1,0.10,0.10,21.9,66,5,11.3,우량채권 (투자등급),헷징 (위험 회피),배당주·대형 우량주만. 시세 차익 추구 불가. 규제상 주식 비중 제한. K-ICS·솔벤시 규제 준수.,가장 보수적. 국채·AAA급 우량 회사채만. 만기 매칭(ALM) 원칙. 정크본드 절대 불매.,"순수 헷징. 이자율 변동 헷징(IR 스왑), 주식 하락 헷징(풋옵션). 투기적 포지션 규제상 금지.","보험료·예금은 고객에게 반드시 돌려주어야 할 돈. 규제(K-ICS, 솔벤시, 바젤)가 주식/파생상품 비중을 엄격히 제한. 원본 보전 + 규제 준수가 최우선이므로 채권 비중이 압도적으로 높음.",보험료 운용. 가장 보수적. 시세 차익보다 배당금·우량주 중심. 거래 빈도 매우 낮음.
LP-KR-05,LP,신한 사모펀드,PE_HEDGE,사모펀드,ACTIVE,액티브,DOMESTIC,MOMENTUM,모멘텀 가속형,100000000000000,100조,0.94,0.20,,99.0,0.93,0.85,45.5,9.3,42.3,9.8,고수익채 (정크본드),투기 (방향성 베팅),롱숏 전략. 강세주 매수·약세주 공매도. 모멘텀 타기. 레버리지 활용. 변동성이 수익의 원천.,고수익채(정크본드·딜런스드 디스트레스드 채권) 매입. 부도 위험이 높지만 수익률도 높은 채권 선호. 일부 헷징용 CDS 보유.,공격적 투기. 레버리지 옵션·크레딧 디폴트 스왑(CDS). 방향성 베팅 적극. 숏 선물로 하락 베팅. 변동성 매매(VIX)도 활용.,"헤지펀드는 절대 수익(Absolute Return)이 유일한 목표. 벤치마크 없음. 고객이 위험을 감수할 각오가 되어 있으므로 파생상품·정크본드 비율이 가장 높음. 단, 리스크 관리를 위해 일부 헷징은 병행.",절대 수익 추구. 롱숏 전략·공매도·모멘텀 투자. 가장 공격적이고 변동성 큰 매매.
LP-OS-01,LP,Vanguard Index Funds,PENSION,연기금,PASSIVE,패시브,OVERSEAS,INDEX_TRACKER,인덱스 추종형,10000000000000000,1.0경,0.43,0.78,,99.0,0.24,0.30,65,25.5,3.4,4.9,우량채권 (투자등급),헷징 (위험 회피),대형 우량주·블루칩 중심. 장기 보유. 시장 하락 시 저가 매수로 비중 확대.,정부채·AAA급 우량 회사채만 매입. 신용등급 투자급 이하 불매.,헷징 목적만. 주식 포지션 보호용 풋옵션·선물 매도. 투기적 포지션 금지.,국민/공무원 연금 자금은 원본 손실이 곧 사회적 문제. 원본 보전이 최우선이므로 가장 보수적으로 운용. 파생상품은 순수 헷징 용도로만 제한.,세계 최대 인덱스 펀드. 시장 지수를 기계적으로 추종. 개별 종목 호/악재보다 전체 자금 흐름에 따라 비중 조정.
LP-OS-02,LP,BlackRock iShares,PENSION,연기금,PASSIVE,패시브,OVERSEAS,INDEX_TRACKER,인덱스 추종형,9000000000000000,9000조,0.44,0.78,,99.0,0.22,0.30,67.7,28.3,2.2,5.4,우량채권 (투자등급),헷징 (위험 회피),대형 우량주·블루칩 중심. 장기 보유. 시장 하락 시 저가 매수로 비중 확대.,정부채·AAA급 우량 회사채만 매입. 신용등급 투자급 이하 불매.,헷징 목적만. 주식 포지션 보호용 풋옵션·선물 매도. 투기적 포지션 금지.,국민/공무원 연금 자금은 원본 손실이 곧 사회적 문제. 원본 보전이 최우선이므로 가장 보수적으로 운용. 파생상품은 순수 헷징 용도로만 제한.,세계 2대 자산운용사. ETF 중심. 보수적 인덱스 추종. 자금이 막대하지만 매매 빈도 낮음.
LP-OS-03,LP,State Street Global Advisors,PENSION,연기금,PASSIVE,패시브,OVERSEAS,INDEX_TRACKER,인덱스 추종형,7000000000000000,7000조,0.34,0.82,,99.0,0.20,0.30,65.4,30.4,2.8,4.8,우량채권 (투자등급),헷징 (위험 회피),대형 우량주·블루칩 중심. 장기 보유. 시장 하락 시 저가 매수로 비중 확대.,정부채·AAA급 우량 회사채만 매입. 신용등급 투자급 이하 불매.,헷징 목적만. 주식 포지션 보호용 풋옵션·선물 매도. 투기적 포지션 금지.,국민/공무원 연금 자금은 원본 손실이 곧 사회적 문제. 원본 보전이 최우선이므로 가장 보수적으로 운용. 파생상품은 순수 헷징 용도로만 제한.,세계 3대 자산운용사. SPDR ETF 운용. 기계적 인덱스 추종.
LP-OS-04,LP,Fidelity Investments,INVESTMENT_TRUST,투신,PASSIVE,패시브,OVERSEAS,INDEX_TRACKER,인덱스 추종형,5000000000000000,5000조,0.37,0.71,,99.0,0.19,0.30,80.8,12.8,8.6,6.5,우량채권 (투자등급),헷징 (위험 회피),주도주·성장주 적극 추종. 펀드 벤치마크 초과 수익(Alpha) 추구. 섹터 로테이션 적극 활용.,투자등급(A- 이상) 회사채·국채. 펀드 안전자산 비중용. 정크본드 불매.,주로 헷징. 일부 ETF 선물로 섹터 비중 조정. 투기적 숏 포지션은 제한적.,펀드 수익률이 벤치마크(코스피/S&P500)를 이겨야 고객 자금이 유입됨. 따라서 주도주 추종이 핵심. 하지만 원본 손실 시 환매 급증 위험으로 파생상품은 헷징 위주로 제한.,대형 운용사. 인덱스 펀드 + 일부 액티브 운용. 보수적 성향.
LP-OS-05,LP,CalPERS (캘리포니아 공무원연금),PENSION,연기금,PASSIVE,패시브,OVERSEAS,DEFENDER,하락장 방어형,3000000000000000,3000조,0.34,0.94,,3.2,0.30,0.20,65.6,26.9,3.2,5.5,우량채권 (투자등급),헷징 (위험 회피),대형 우량주·블루칩 중심. 장기 보유. 시장 하락 시 저가 매수로 비중 확대.,정부채·AAA급 우량 회사채만 매입. 신용등급 투자급 이하 불매.,헷징 목적만. 주식 포지션 보호용 풋옵션·선물 매도. 투기적 포지션 금지.,국민/공무원 연금 자금은 원본 손실이 곧 사회적 문제. 원본 보전이 최우선이므로 가장 보수적으로 운용. 파생상품은 순수 헷징 용도로만 제한.,미국 최대 공무원 연기금. 장기 가치 투자. 하락장 방어.
LP-OS-06,LP,GPIF (일본 정부연금),PENSION,연기금,PASSIVE,패시브,OVERSEAS,DEFENDER,하락장 방어형,2500000000000000,2500조,0.22,0.91,,3.5,0.21,0.20,63.9,31,3.3,5.1,우량채권 (투자등급),헷징 (위험 회피),대형 우량주·블루칩 중심. 장기 보유. 시장 하락 시 저가 매수로 비중 확대.,정부채·AAA급 우량 회사채만 매입. 신용등급 투자급 이하 불매.,헷징 목적만. 주식 포지션 보호용 풋옵션·선물 매도. 투기적 포지션 금지.,국민/공무원 연금 자금은 원본 손실이 곧 사회적 문제. 원본 보전이 최우선이므로 가장 보수적으로 운용. 파생상품은 순수 헷징 용도로만 제한.,세계 최대 연기금. 장기 보수적 운용. 하락장 바닥 지지.
LP-OS-07,LP,Norges Bank (노르웨이 국부펀드),PENSION,연기금,PASSIVE,패시브,OVERSEAS,VALUE_HOLDER,가치 보유형,2000000000000000,2000조,0.11,0.92,,6.7,0.13,0.10,66.3,28,2.3,4.5,우량채권 (투자등급),헷징 (위험 회피),대형 우량주·블루칩 중심. 장기 보유. 시장 하락 시 저가 매수로 비중 확대.,정부채·AAA급 우량 회사채만 매입. 신용등급 투자급 이하 불매.,헷징 목적만. 주식 포지션 보호용 풋옵션·선물 매도. 투기적 포지션 금지.,국민/공무원 연금 자금은 원본 손실이 곧 사회적 문제. 원본 보전이 최우선이므로 가장 보수적으로 운용. 파생상품은 순수 헷징 용도로만 제한.,세계 최대 국부펀드. 가치 투자 장기 보유. 거래 빈도 매우 낮음.
LP-OS-08,LP,ADIA (아부다비 투자청),PENSION,연기금,PASSIVE,패시브,OVERSEAS,VALUE_HOLDER,가치 보유형,2000000000000000,2000조,0.19,0.94,에너지,5.4,0.13,0.10,62.8,29.1,3.4,4.2,우량채권 (투자등급),헷징 (위험 회피),대형 우량주·블루칩 중심. 장기 보유. 시장 하락 시 저가 매수로 비중 확대.,정부채·AAA급 우량 회사채만 매입. 신용등급 투자급 이하 불매.,헷징 목적만. 주식 포지션 보호용 풋옵션·선물 매도. 투기적 포지션 금지.,국민/공무원 연금 자금은 원본 손실이 곧 사회적 문제. 원본 보전이 최우선이므로 가장 보수적으로 운용. 파생상품은 순수 헷징 용도로만 제한.,중東 최대 국부펀드. 에너지 섹터 편향. 장기 보수적 운용.
LP-OS-09,LP,T. Rowe Price,INVESTMENT_TRUST,투신,ACTIVE,액티브,OVERSEAS,TREND_CHASER,트렌드 추종형,1500000000000000,1500조,0.75,0.47,Technology,99.0,0.92,0.80,75.4,13.6,7.6,6.1,우량채권 (투자등급),헷징 (위험 회피),주도주·성장주 적극 추종. 펀드 벤치마크 초과 수익(Alpha) 추구. 섹터 로테이션 적극 활용.,투자등급(A- 이상) 회사채·국채. 펀드 안전자산 비중용. 정크본드 불매.,주로 헷징. 일부 ETF 선물로 섹터 비중 조정. 투기적 숏 포지션은 제한적.,펀드 수익률이 벤치마크(코스피/S&P500)를 이겨야 고객 자금이 유입됨. 따라서 주도주 추종이 핵심. 하지만 원본 손실 시 환매 급증 위험으로 파생상품은 헷징 위주로 제한.,대형 액티브 운용사. 주도주 추종. 호재 시 추격 매수.
LP-OS-10,LP,Capital Group (American Funds),INVESTMENT_TRUST,투신,ACTIVE,액티브,OVERSEAS,TREND_CHASER,트렌드 추종형,1200000000000000,1200조,0.78,0.37,,99.0,0.91,0.80,80.2,17,8.1,3.7,우량채권 (투자등급),헷징 (위험 회피),주도주·성장주 적극 추종. 펀드 벤치마크 초과 수익(Alpha) 추구. 섹터 로테이션 적극 활용.,투자등급(A- 이상) 회사채·국채. 펀드 안전자산 비중용. 정크본드 불매.,주로 헷징. 일부 ETF 선물로 섹터 비중 조정. 투기적 숏 포지션은 제한적.,펀드 수익률이 벤치마크(코스피/S&P500)를 이겨야 고객 자금이 유입됨. 따라서 주도주 추종이 핵심. 하지만 원본 손실 시 환매 급증 위험으로 파생상품은 헷징 위주로 제한.,장기 액티브 운용. 트렌드 추종하되 보유 기간 긴 편.
LP-OS-11,LP,Invesco Ltd.,INVESTMENT_TRUST,투신,ACTIVE,액티브,OVERSEAS,TREND_CHASER,트렌드 추종형,1000000000000000,1000조,0.75,0.46,,99.0,0.87,0.80,74.8,16.4,8.7,3.8,우량채권 (투자등급),헷징 (위험 회피),주도주·성장주 적극 추종. 펀드 벤치마크 초과 수익(Alpha) 추구. 섹터 로테이션 적극 활용.,투자등급(A- 이상) 회사채·국채. 펀드 안전자산 비중용. 정크본드 불매.,주로 헷징. 일부 ETF 선물로 섹터 비중 조정. 투기적 숏 포지션은 제한적.,펀드 수익률이 벤치마크(코스피/S&P500)를 이겨야 고객 자금이 유입됨. 따라서 주도주 추종이 핵심. 하지만 원본 손실 시 환매 급증 위험으로 파생상품은 헷징 위주로 제한.,글로벌 운용사. 트렌드 추종 + 일부 인덱스.
LP-OS-12,LP,Franklin Templeton,INVESTMENT_TRUST,투신,ACTIVE,액티브,OVERSEAS,TREND_CHASER,트렌드 추종형,800000000000000,800조,0.76,0.43,Energy,99.0,0.92,0.80,77.1,14.6,7.5,5.5,우량채권 (투자등급),헷징 (위험 회피),주도주·성장주 적극 추종. 펀드 벤치마크 초과 수익(Alpha) 추구. 섹터 로테이션 적극 활용.,투자등급(A- 이상) 회사채·국채. 펀드 안전자산 비중용. 정크본드 불매.,주로 헷징. 일부 ETF 선물로 섹터 비중 조정. 투기적 숏 포지션은 제한적.,펀드 수익률이 벤치마크(코스피/S&P500)를 이겨야 고객 자금이 유입됨. 따라서 주도주 추종이 핵심. 하지만 원본 손실 시 환매 급증 위험으로 파생상품은 헷징 위주로 제한.,신흥시장+에너지 편향. 트렌드 추종.
LP-OS-13,LP,Bridgewater Associates,PE_HEDGE,사모펀드,ACTIVE,액티브,OVERSEAS,MOMENTUM,모멘텀 가속형,1500000000000000,1500조,0.86,0.15,,99.0,0.90,0.85,44.8,9.1,37.7,5.7,고수익채 (정크본드),투기 (방향성 베팅),롱숏 전략. 강세주 매수·약세주 공매도. 모멘텀 타기. 레버리지 활용. 변동성이 수익의 원천.,고수익채(정크본드·딜런스드 디스트레스드 채권) 매입. 부도 위험이 높지만 수익률도 높은 채권 선호. 일부 헷징용 CDS 보유.,공격적 투기. 레버리지 옵션·크레딧 디폴트 스왑(CDS). 방향성 베팅 적극. 숏 선물로 하락 베팅. 변동성 매매(VIX)도 활용.,"헤지펀드는 절대 수익(Absolute Return)이 유일한 목표. 벤치마크 없음. 고객이 위험을 감수할 각오가 되어 있으므로 파생상품·정크본드 비율이 가장 높음. 단, 리스크 관리를 위해 일부 헷징은 병행.",세계 최대 헤지펀드. 매크로 전략. 모멘텀 가속화.
LP-OS-14,LP,Renaissance Technologies,PE_HEDGE,사모펀드,ACTIVE,액티브,OVERSEAS,SCALPER,스캘핑형,1000000000000000,1000조,0.73,0.11,,99.0,0.55,0.95,50.4,15.3,42.7,5.8,고수익채 (정크본드),투기 (방향성 베팅),롱숏 전략. 강세주 매수·약세주 공매도. 모멘텀 타기. 레버리지 활용. 변동성이 수익의 원천.,고수익채(정크본드·딜런스드 디스트레스드 채권) 매입. 부도 위험이 높지만 수익률도 높은 채권 선호. 일부 헷징용 CDS 보유.,공격적 투기. 레버리지 옵션·크레딧 디폴트 스왑(CDS). 방향성 베팅 적극. 숏 선물로 하락 베팅. 변동성 매매(VIX)도 활용.,"헤지펀드는 절대 수익(Absolute Return)이 유일한 목표. 벤치마크 없음. 고객이 위험을 감수할 각오가 되어 있으므로 파생상품·정크본드 비율이 가장 높음. 단, 리스크 관리를 위해 일부 헷징은 병행.",수학적 알고리즘 매매. 초고빈도 스캘핑. 호가 빈 공간 초단타.
LP-OS-15,LP,Citadel LLC,PE_HEDGE,사모펀드,ACTIVE,액티브,OVERSEAS,ARBITRAGER,차익거래형,800000000000000,800조,0.66,0.18,,99.0,0.33,0.90,47.9,9,37.9,9.7,고수익채 (정크본드),투기 (방향성 베팅),롱숏 전략. 강세주 매수·약세주 공매도. 모멘텀 타기. 레버리지 활용. 변동성이 수익의 원천.,고수익채(정크본드·딜런스드 디스트레스드 채권) 매입. 부도 위험이 높지만 수익률도 높은 채권 선호. 일부 헷징용 CDS 보유.,공격적 투기. 레버리지 옵션·크레딧 디폴트 스왑(CDS). 방향성 베팅 적극. 숏 선물로 하락 베팅. 변동성 매매(VIX)도 활용.,"헤지펀드는 절대 수익(Absolute Return)이 유일한 목표. 벤치마크 없음. 고객이 위험을 감수할 각오가 되어 있으므로 파생상품·정크본드 비율이 가장 높음. 단, 리스크 관리를 위해 일부 헷징은 병행.",차익거래+통계적 차익. 가격 차이 이용. 방향성보다 변동성 먹음.
LP-OS-16,LP,Millennium Management,PE_HEDGE,사모펀드,ACTIVE,액티브,OVERSEAS,ARBITRAGER,차익거래형,700000000000000,700조,0.56,0.17,,99.0,0.39,0.90,47.5,13.4,43.1,5.7,고수익채 (정크본드),투기 (방향성 베팅),롱숏 전략. 강세주 매수·약세주 공매도. 모멘텀 타기. 레버리지 활용. 변동성이 수익의 원천.,고수익채(정크본드·딜런스드 디스트레스드 채권) 매입. 부도 위험이 높지만 수익률도 높은 채권 선호. 일부 헷징용 CDS 보유.,공격적 투기. 레버리지 옵션·크레딧 디폴트 스왑(CDS). 방향성 베팅 적극. 숏 선물로 하락 베팅. 변동성 매매(VIX)도 활용.,"헤지펀드는 절대 수익(Absolute Return)이 유일한 목표. 벤치마크 없음. 고객이 위험을 감수할 각오가 되어 있으므로 파생상품·정크본드 비율이 가장 높음. 단, 리스크 관리를 위해 일부 헷징은 병행.",멀티 전략 헤지펀드. 차익+모멘텀 병행.
LP-OS-17,LP,Point72 Asset Management,PE_HEDGE,사모펀드,ACTIVE,액티브,OVERSEAS,MOMENTUM,모멘텀 가속형,500000000000000,500조,0.92,0.16,Biotech,99.0,0.94,0.85,50.6,15.3,40.7,10.4,고수익채 (정크본드),투기 (방향성 베팅),롱숏 전략. 강세주 매수·약세주 공매도. 모멘텀 타기. 레버리지 활용. 변동성이 수익의 원천.,고수익채(정크본드·딜런스드 디스트레스드 채권) 매입. 부도 위험이 높지만 수익률도 높은 채권 선호. 일부 헷징용 CDS 보유.,공격적 투기. 레버리지 옵션·크레딧 디폴트 스왑(CDS). 방향성 베팅 적극. 숏 선물로 하락 베팅. 변동성 매매(VIX)도 활용.,"헤지펀드는 절대 수익(Absolute Return)이 유일한 목표. 벤치마크 없음. 고객이 위험을 감수할 각오가 되어 있으므로 파생상품·정크본드 비율이 가장 높음. 단, 리스크 관리를 위해 일부 헷징은 병행.",바이오 섹터 편향. 모멘텀 투자. 공격적 매매.
LP-OS-18,LP,Two Sigma Investments,PE_HEDGE,사모펀드,ACTIVE,액티브,OVERSEAS,SCALPER,스캘핑형,600000000000000,600조,0.63,0.06,,99.0,0.54,0.95,53.6,8.5,38.5,8.2,고수익채 (정크본드),투기 (방향성 베팅),롱숏 전략. 강세주 매수·약세주 공매도. 모멘텀 타기. 레버리지 활용. 변동성이 수익의 원천.,고수익채(정크본드·딜런스드 디스트레스드 채권) 매입. 부도 위험이 높지만 수익률도 높은 채권 선호. 일부 헷징용 CDS 보유.,공격적 투기. 레버리지 옵션·크레딧 디폴트 스왑(CDS). 방향성 베팅 적극. 숏 선물로 하락 베팅. 변동성 매매(VIX)도 활용.,"헤지펀드는 절대 수익(Absolute Return)이 유일한 목표. 벤치마크 없음. 고객이 위험을 감수할 각오가 되어 있으므로 파생상품·정크본드 비율이 가장 높음. 단, 리스크 관리를 위해 일부 헷징은 병행.",데이터 기반 알고리즘 매매. 고빈도 스캘핑.
LP-OS-19,LP,D. E. Shaw & Co.,PE_HEDGE,사모펀드,ACTIVE,액티브,OVERSEAS,ARBITRAGER,차익거래형,500000000000000,500조,0.60,0.20,,99.0,0.31,0.90,54.4,14.8,34.1,6.9,고수익채 (정크본드),투기 (방향성 베팅),롱숏 전략. 강세주 매수·약세주 공매도. 모멘텀 타기. 레버리지 활용. 변동성이 수익의 원천.,고수익채(정크본드·딜런스드 디스트레스드 채권) 매입. 부도 위험이 높지만 수익률도 높은 채권 선호. 일부 헷징용 CDS 보유.,공격적 투기. 레버리지 옵션·크레딧 디폴트 스왑(CDS). 방향성 베팅 적극. 숏 선물로 하락 베팅. 변동성 매매(VIX)도 활용.,"헤지펀드는 절대 수익(Absolute Return)이 유일한 목표. 벤치마크 없음. 고객이 위험을 감수할 각오가 되어 있으므로 파생상품·정크본드 비율이 가장 높음. 단, 리스크 관리를 위해 일부 헷징은 병행.",차익거래+통계적 모델. 방향성 중립.
LP-OS-20,LP,Man Group (AHL),PE_HEDGE,사모펀드,ACTIVE,액티브,OVERSEAS,MOMENTUM,모멘텀 가속형,400000000000000,400조,0.95,0.22,,99.0,0.95,0.85,46,12.2,32.3,5.9,고수익채 (정크본드),투기 (방향성 베팅),롱숏 전략. 강세주 매수·약세주 공매도. 모멘텀 타기. 레버리지 활용. 변동성이 수익의 원천.,고수익채(정크본드·딜런스드 디스트레스드 채권) 매입. 부도 위험이 높지만 수익률도 높은 채권 선호. 일부 헷징용 CDS 보유.,공격적 투기. 레버리지 옵션·크레딧 디폴트 스왑(CDS). 방향성 베팅 적극. 숏 선물로 하락 베팅. 변동성 매매(VIX)도 활용.,"헤지펀드는 절대 수익(Absolute Return)이 유일한 목표. 벤치마크 없음. 고객이 위험을 감수할 각오가 되어 있으므로 파생상품·정크본드 비율이 가장 높음. 단, 리스크 관리를 위해 일부 헷징은 병행.",트렌드 추종 CTA. 모멘텀 가속화.
LP-OS-21,LP,Allianz Global Investors,INSURANCE_BANK,보험/은행,PASSIVE,패시브,OVERSEAS,VALUE_HOLDER,가치 보유형,700000000000000,700조,0.18,0.91,,6.8,0.17,0.10,22.3,70.1,4.1,13.9,우량채권 (투자등급),헷징 (위험 회피),배당주·대형 우량주만. 시세 차익 추구 불가. 규제상 주식 비중 제한. K-ICS·솔벤시 규제 준수.,가장 보수적. 국채·AAA급 우량 회사채만. 만기 매칭(ALM) 원칙. 정크본드 절대 불매.,"순수 헷징. 이자율 변동 헷징(IR 스왑), 주식 하락 헷징(풋옵션). 투기적 포지션 규제상 금지.","보험료·예금은 고객에게 반드시 돌려주어야 할 돈. 규제(K-ICS, 솔벤시, 바젤)가 주식/파생상품 비중을 엄격히 제한. 원본 보전 + 규제 준수가 최우선이므로 채권 비중이 압도적으로 높음.",독일 보험사 운용. 보수적 가치 투자. 배당주 중심.
LP-OS-22,LP,AXA Investment Managers,INSURANCE_BANK,보험/은행,PASSIVE,패시브,OVERSEAS,VALUE_HOLDER,가치 보유형,500000000000000,500조,0.15,0.94,,5.0,0.19,0.10,21,70,5.9,11.6,우량채권 (투자등급),헷징 (위험 회피),배당주·대형 우량주만. 시세 차익 추구 불가. 규제상 주식 비중 제한. K-ICS·솔벤시 규제 준수.,가장 보수적. 국채·AAA급 우량 회사채만. 만기 매칭(ALM) 원칙. 정크본드 절대 불매.,"순수 헷징. 이자율 변동 헷징(IR 스왑), 주식 하락 헷징(풋옵션). 투기적 포지션 규제상 금지.","보험료·예금은 고객에게 반드시 돌려주어야 할 돈. 규제(K-ICS, 솔벤시, 바젤)가 주식/파생상품 비중을 엄격히 제한. 원본 보전 + 규제 준수가 최우선이므로 채권 비중이 압도적으로 높음.",프랑스 보험사 운용. 보수적 장기 보유.
LP-OS-23,LP,JPMorgan Asset Management,INSURANCE_BANK,보험/은행,PASSIVE,패시브,OVERSEAS,INDEX_TRACKER,인덱스 추종형,800000000000000,800조,0.43,0.80,,99.0,0.23,0.30,22.1,65.1,5.7,14,우량채권 (투자등급),헷징 (위험 회피),배당주·대형 우량주만. 시세 차익 추구 불가. 규제상 주식 비중 제한. K-ICS·솔벤시 규제 준수.,가장 보수적. 국채·AAA급 우량 회사채만. 만기 매칭(ALM) 원칙. 정크본드 절대 불매.,"순수 헷징. 이자율 변동 헷징(IR 스왑), 주식 하락 헷징(풋옵션). 투기적 포지션 규제상 금지.","보험료·예금은 고객에게 반드시 돌려주어야 할 돈. 규제(K-ICS, 솔벤시, 바젤)가 주식/파생상품 비중을 엄격히 제한. 원본 보전 + 규제 준수가 최우선이므로 채권 비중이 압도적으로 높음.",은행 계열 운용. 인덱스+일부 액티브. 보수적.
LP-OS-24,LP,BNY Mellon Investment Mgmt,INSURANCE_BANK,보험/은행,PASSIVE,패시브,OVERSEAS,INDEX_TRACKER,인덱스 추종형,400000000000000,400조,0.31,0.85,,99.0,0.22,0.30,21.3,71.1,4.6,12.3,우량채권 (투자등급),헷징 (위험 회피),배당주·대형 우량주만. 시세 차익 추구 불가. 규제상 주식 비중 제한. K-ICS·솔벤시 규제 준수.,가장 보수적. 국채·AAA급 우량 회사채만. 만기 매칭(ALM) 원칙. 정크본드 절대 불매.,"순수 헷징. 이자율 변동 헷징(IR 스왑), 주식 하락 헷징(풋옵션). 투기적 포지션 규제상 금지.","보험료·예금은 고객에게 반드시 돌려주어야 할 돈. 규제(K-ICS, 솔벤시, 바젤)가 주식/파생상품 비중을 엄격히 제한. 원본 보전 + 규제 준수가 최우선이므로 채권 비중이 압도적으로 높음.",은행 계열. 인덱스 추종 중심.
LP-OS-25,LP,Wellington Management,INVESTMENT_TRUST,투신,ACTIVE,액티브,OVERSEAS,TREND_CHASER,트렌드 추종형,1200000000000000,1200조,0.84,0.33,,99.0,0.88,0.80,79.9,12.8,6,4.4,우량채권 (투자등급),헷징 (위험 회피),주도주·성장주 적극 추종. 펀드 벤치마크 초과 수익(Alpha) 추구. 섹터 로테이션 적극 활용.,투자등급(A- 이상) 회사채·국채. 펀드 안전자산 비중용. 정크본드 불매.,주로 헷징. 일부 ETF 선물로 섹터 비중 조정. 투기적 숏 포지션은 제한적.,펀드 수익률이 벤치마크(코스피/S&P500)를 이겨야 고객 자금이 유입됨. 따라서 주도주 추종이 핵심. 하지만 원본 손실 시 환매 급증 위험으로 파생상품은 헷징 위주로 제한.,대형 액티브 운용사. 주도주 추종.
LP-OS-26,LP,Baillie Gifford,INVESTMENT_TRUST,투신,ACTIVE,액티브,OVERSEAS,TREND_CHASER,트렌드 추종형,400000000000000,400조,0.82,0.31,Technology,99.0,0.86,0.80,78.4,15.2,6.3,3.9,우량채권 (투자등급),헷징 (위험 회피),주도주·성장주 적극 추종. 펀드 벤치마크 초과 수익(Alpha) 추구. 섹터 로테이션 적극 활용.,투자등급(A- 이상) 회사채·국채. 펀드 안전자산 비중용. 정크본드 불매.,주로 헷징. 일부 ETF 선물로 섹터 비중 조정. 투기적 숏 포지션은 제한적.,펀드 수익률이 벤치마크(코스피/S&P500)를 이겨야 고객 자금이 유입됨. 따라서 주도주 추종이 핵심. 하지만 원본 손실 시 환매 급증 위험으로 파생상품은 헷징 위주로 제한.,성장주 편향. 기술 섹터 추종.
LP-OS-27,LP,Aberdeen Standard Investments,INVESTMENT_TRUST,투신,PASSIVE,패시브,OVERSEAS,VALUE_HOLDER,가치 보유형,500000000000000,500조,0.14,0.92,,6.3,0.11,0.10,80.8,13.1,6.5,5,우량채권 (투자등급),헷징 (위험 회피),주도주·성장주 적극 추종. 펀드 벤치마크 초과 수익(Alpha) 추구. 섹터 로테이션 적극 활용.,투자등급(A- 이상) 회사채·국채. 펀드 안전자산 비중용. 정크본드 불매.,주로 헷징. 일부 ETF 선물로 섹터 비중 조정. 투기적 숏 포지션은 제한적.,펀드 수익률이 벤치마크(코스피/S&P500)를 이겨야 고객 자금이 유입됨. 따라서 주도주 추종이 핵심. 하지만 원본 손실 시 환매 급증 위험으로 파생상품은 헷징 위주로 제한.,신흥시장 가치 투자. 보수적 장기 보유.
LP-OS-28,LP,Legal & General Investment Mgmt,PENSION,연기금,PASSIVE,패시브,OVERSEAS,INDEX_TRACKER,인덱스 추종형,600000000000000,600조,0.30,0.82,,99.0,0.22,0.30,68.4,30.6,2.6,5.6,우량채권 (투자등급),헷징 (위험 회피),대형 우량주·블루칩 중심. 장기 보유. 시장 하락 시 저가 매수로 비중 확대.,정부채·AAA급 우량 회사채만 매입. 신용등급 투자급 이하 불매.,헷징 목적만. 주식 포지션 보호용 풋옵션·선물 매도. 투기적 포지션 금지.,국민/공무원 연금 자금은 원본 손실이 곧 사회적 문제. 원본 보전이 최우선이므로 가장 보수적으로 운용. 파생상품은 순수 헷징 용도로만 제한.,영국 연기금 운용. 인덱스 추종.
LP-OS-29,LP,Northern Trust Asset Mgmt,PENSION,연기금,PASSIVE,패시브,OVERSEAS,INDEX_TRACKER,인덱스 추종형,400000000000000,400조,0.34,0.81,,99.0,0.22,0.30,65.1,29.9,3.7,5.3,우량채권 (투자등급),헷징 (위험 회피),대형 우량주·블루칩 중심. 장기 보유. 시장 하락 시 저가 매수로 비중 확대.,정부채·AAA급 우량 회사채만 매입. 신용등급 투자급 이하 불매.,헷징 목적만. 주식 포지션 보호용 풋옵션·선물 매도. 투기적 포지션 금지.,국민/공무원 연금 자금은 원본 손실이 곧 사회적 문제. 원본 보전이 최우선이므로 가장 보수적으로 운용. 파생상품은 순수 헷징 용도로만 제한.,인덱스+멀티팩터. 기계적 비중 조정.
LP-OS-30,LP,Geode Capital Management,PENSION,연기금,PASSIVE,패시브,OVERSEAS,INDEX_TRACKER,인덱스 추종형,800000000000000,800조,0.38,0.80,,99.0,0.15,0.30,64.5,26.2,3.4,4.7,우량채권 (투자등급),헷징 (위험 회피),대형 우량주·블루칩 중심. 장기 보유. 시장 하락 시 저가 매수로 비중 확대.,정부채·AAA급 우량 회사채만 매입. 신용등급 투자급 이하 불매.,헷징 목적만. 주식 포지션 보호용 풋옵션·선물 매도. 투기적 포지션 금지.,국민/공무원 연금 자금은 원본 손실이 곧 사회적 문제. 원본 보전이 최우선이므로 가장 보수적으로 운용. 파생상품은 순수 헷징 용도로만 제한.,Fidelity 계열 인덱스 운용. 기계적 추종.
LP-OS-31,LP,PIMCO,INSURANCE_BANK,보험/은행,PASSIVE,패시브,OVERSEAS,VALUE_HOLDER,가치 보유형,300000000000000,300조,0.18,0.94,채권,5.5,0.14,0.10,20.6,71.6,5.6,12.2,우량채권 (투자등급),헷징 (위험 회피),배당주·대형 우량주만. 시세 차익 추구 불가. 규제상 주식 비중 제한. K-ICS·솔벤시 규제 준수.,가장 보수적. 국채·AAA급 우량 회사채만. 만기 매칭(ALM) 원칙. 정크본드 절대 불매.,"순수 헷징. 이자율 변동 헷징(IR 스왑), 주식 하락 헷징(풋옵션). 투기적 포지션 규제상 금지.","보험료·예금은 고객에게 반드시 돌려주어야 할 돈. 규제(K-ICS, 솔벤시, 바젤)가 주식/파생상품 비중을 엄격히 제한. 원본 보전 + 규제 준수가 최우선이므로 채권 비중이 압도적으로 높음.",채권 중심 운용. 보수적.
LP-OS-32,LP,Schroders,INVESTMENT_TRUST,투신,ACTIVE,액티브,OVERSEAS,TREND_CHASER,트렌드 추종형,300000000000000,300조,0.80,0.41,,99.0,0.95,0.80,77.4,15.3,7,6.4,우량채권 (투자등급),헷징 (위험 회피),주도주·성장주 적극 추종. 펀드 벤치마크 초과 수익(Alpha) 추구. 섹터 로테이션 적극 활용.,투자등급(A- 이상) 회사채·국채. 펀드 안전자산 비중용. 정크본드 불매.,주로 헷징. 일부 ETF 선물로 섹터 비중 조정. 투기적 숏 포지션은 제한적.,펀드 수익률이 벤치마크(코스피/S&P500)를 이겨야 고객 자금이 유입됨. 따라서 주도주 추종이 핵심. 하지만 원본 손실 시 환매 급증 위험으로 파생상품은 헷징 위주로 제한.,영국 운용사. 액티브 트렌드 추종.
LP-OS-33,LP,Amundi Asset Management,INVESTMENT_TRUST,투신,PASSIVE,패시브,OVERSEAS,INDEX_TRACKER,인덱스 추종형,400000000000000,400조,0.33,0.74,,99.0,0.24,0.30,79.4,14.4,5.5,6.3,우량채권 (투자등급),헷징 (위험 회피),주도주·성장주 적극 추종. 펀드 벤치마크 초과 수익(Alpha) 추구. 섹터 로테이션 적극 활용.,투자등급(A- 이상) 회사채·국채. 펀드 안전자산 비중용. 정크본드 불매.,주로 헷징. 일부 ETF 선물로 섹터 비중 조정. 투기적 숏 포지션은 제한적.,펀드 수익률이 벤치마크(코스피/S&P500)를 이겨야 고객 자금이 유입됨. 따라서 주도주 추종이 핵심. 하지만 원본 손실 시 환매 급증 위험으로 파생상품은 헷징 위주로 제한.,유럽 최대 운용사. 인덱스 중심.
LP-OS-34,LP,Pictet Asset Management,INVESTMENT_TRUST,투신,ACTIVE,액티브,OVERSEAS,VALUE_HOLDER,가치 보유형,200000000000000,200조,0.16,0.94,,6.0,0.11,0.10,81.4,13.9,7.2,6,우량채권 (투자등급),헷징 (위험 회피),주도주·성장주 적극 추종. 펀드 벤치마크 초과 수익(Alpha) 추구. 섹터 로테이션 적극 활용.,투자등급(A- 이상) 회사채·국채. 펀드 안전자산 비중용. 정크본드 불매.,주로 헷징. 일부 ETF 선물로 섹터 비중 조정. 투기적 숏 포지션은 제한적.,펀드 수익률이 벤치마크(코스피/S&P500)를 이겨야 고객 자금이 유입됨. 따라서 주도주 추종이 핵심. 하지만 원본 손실 시 환매 급증 위험으로 파생상품은 헷징 위주로 제한.,스위스 프라이빗 뱅크. 보수적 가치 투자.
LP-OS-35,LP,Elliott Management,PE_HEDGE,사모펀드,ACTIVE,액티브,OVERSEAS,MOMENTUM,모멘텀 가속형,200000000000000,200조,0.92,0.16,,99.0,0.95,0.85,53.6,10.5,34.3,9.8,고수익채 (정크본드),투기 (방향성 베팅),롱숏 전략. 강세주 매수·약세주 공매도. 모멘텀 타기. 레버리지 활용. 변동성이 수익의 원천.,고수익채(정크본드·딜런스드 디스트레스드 채권) 매입. 부도 위험이 높지만 수익률도 높은 채권 선호. 일부 헷징용 CDS 보유.,공격적 투기. 레버리지 옵션·크레딧 디폴트 스왑(CDS). 방향성 베팅 적극. 숏 선물로 하락 베팅. 변동성 매매(VIX)도 활용.,"헤지펀드는 절대 수익(Absolute Return)이 유일한 목표. 벤치마크 없음. 고객이 위험을 감수할 각오가 되어 있으므로 파생상품·정크본드 비율이 가장 높음. 단, 리스크 관리를 위해 일부 헷징은 병행.",공격적 행동주의 펀드. 모멘텀+변동성 먹음.
LP-OS-36,LP,Caxton Associates,PE_HEDGE,사모펀드,ACTIVE,액티브,OVERSEAS,MOMENTUM,모멘텀 가속형,150000000000000,150조,0.94,0.17,,99.0,0.92,0.85,44.2,9.9,43.4,9,고수익채 (정크본드),투기 (방향성 베팅),롱숏 전략. 강세주 매수·약세주 공매도. 모멘텀 타기. 레버리지 활용. 변동성이 수익의 원천.,고수익채(정크본드·딜런스드 디스트레스드 채권) 매입. 부도 위험이 높지만 수익률도 높은 채권 선호. 일부 헷징용 CDS 보유.,공격적 투기. 레버리지 옵션·크레딧 디폴트 스왑(CDS). 방향성 베팅 적극. 숏 선물로 하락 베팅. 변동성 매매(VIX)도 활용.,"헤지펀드는 절대 수익(Absolute Return)이 유일한 목표. 벤치마크 없음. 고객이 위험을 감수할 각오가 되어 있으므로 파생상품·정크본드 비율이 가장 높음. 단, 리스크 관리를 위해 일부 헷징은 병행.",매크로 헤지펀드. 모멘텀 가속화.
LP-OS-37,LP,Winton Group,PE_HEDGE,사모펀드,ACTIVE,액티브,OVERSEAS,MOMENTUM,모멘텀 가속형,100000000000000,100조,0.88,0.17,,99.0,0.91,0.85,55.8,12.4,32.6,8.9,고수익채 (정크본드),투기 (방향성 베팅),롱숏 전략. 강세주 매수·약세주 공매도. 모멘텀 타기. 레버리지 활용. 변동성이 수익의 원천.,고수익채(정크본드·딜런스드 디스트레스드 채권) 매입. 부도 위험이 높지만 수익률도 높은 채권 선호. 일부 헷징용 CDS 보유.,공격적 투기. 레버리지 옵션·크레딧 디폴트 스왑(CDS). 방향성 베팅 적극. 숏 선물로 하락 베팅. 변동성 매매(VIX)도 활용.,"헤지펀드는 절대 수익(Absolute Return)이 유일한 목표. 벤치마크 없음. 고객이 위험을 감수할 각오가 되어 있으므로 파생상품·정크본드 비율이 가장 높음. 단, 리스크 관리를 위해 일부 헷징은 병행.",CTA 트렌드 추종. 모멘텀.
LP-OS-38,LP,AQR Capital Management,PE_HEDGE,사모펀드,PASSIVE,패시브,OVERSEAS,ARBITRAGER,차익거래형,300000000000000,300조,0.51,0.11,,99.0,0.35,0.90,54.5,12.2,35.4,8.5,고수익채 (정크본드),투기 (방향성 베팅),롱숏 전략. 강세주 매수·약세주 공매도. 모멘텀 타기. 레버리지 활용. 변동성이 수익의 원천.,고수익채(정크본드·딜런스드 디스트레스드 채권) 매입. 부도 위험이 높지만 수익률도 높은 채권 선호. 일부 헷징용 CDS 보유.,공격적 투기. 레버리지 옵션·크레딧 디폴트 스왑(CDS). 방향성 베팅 적극. 숏 선물로 하락 베팅. 변동성 매매(VIX)도 활용.,"헤지펀드는 절대 수익(Absolute Return)이 유일한 목표. 벤치마크 없음. 고객이 위험을 감수할 각오가 되어 있으므로 파생상품·정크본드 비율이 가장 높음. 단, 리스크 관리를 위해 일부 헷징은 병행.",멀티팩터+차익. 방향성 중립.
LP-OS-39,LP,Jupiter Asset Management,INVESTMENT_TRUST,투신,ACTIVE,액티브,OVERSEAS,TREND_CHASER,트렌드 추종형,100000000000000,100조,0.73,0.49,,99.0,0.92,0.80,81.3,16.5,8.6,5.6,우량채권 (투자등급),헷징 (위험 회피),주도주·성장주 적극 추종. 펀드 벤치마크 초과 수익(Alpha) 추구. 섹터 로테이션 적극 활용.,투자등급(A- 이상) 회사채·국채. 펀드 안전자산 비중용. 정크본드 불매.,주로 헷징. 일부 ETF 선물로 섹터 비중 조정. 투기적 숏 포지션은 제한적.,펀드 수익률이 벤치마크(코스피/S&P500)를 이겨야 고객 자금이 유입됨. 따라서 주도주 추종이 핵심. 하지만 원본 손실 시 환매 급증 위험으로 파생상품은 헷징 위주로 제한.,영국 중소형 운용사. 액티브 트렌드 추종.
LP-OS-40,LP,M&G Investments,INSURANCE_BANK,보험/은행,PASSIVE,패시브,OVERSEAS,VALUE_HOLDER,가치 보유형,150000000000000,150조,0.14,0.91,,5.8,0.14,0.10,18.4,66.1,6.3,13.3,우량채권 (투자등급),헷징 (위험 회피),배당주·대형 우량주만. 시세 차익 추구 불가. 규제상 주식 비중 제한. K-ICS·솔벤시 규제 준수.,가장 보수적. 국채·AAA급 우량 회사채만. 만기 매칭(ALM) 원칙. 정크본드 절대 불매.,"순수 헷징. 이자율 변동 헷징(IR 스왑), 주식 하락 헷징(풋옵션). 투기적 포지션 규제상 금지.","보험료·예금은 고객에게 반드시 돌려주어야 할 돈. 규제(K-ICS, 솔벤시, 바젤)가 주식/파생상품 비중을 엄격히 제한. 원본 보전 + 규제 준수가 최우선이므로 채권 비중이 압도적으로 높음.",영국 보험사 운용. 보수적 가치 투자.
IB-01,LP,Goldman Sachs,IB,세계적 IB,ACTIVE,액티브,GLOBAL,MARKET_MAKER,마켓 메이킹형,3000000000000000,3000조,0.52,0.52,,99.0,0.55,0.90,36.1,25.7,26.4,10.5,혼합 (우량+일부 고수익),마켓 메이킹 (유동성 공급),프랍 트레이딩 + 마켓 메이킹 인벤토리. 기관 고객 주문 실행. 자기 자본으로 방향성 베팅도 일부 수행.,마켓 메이킹 인벤토리. 국채·회사채 모두 취급. 유통시장 유동성 공급 역할. 등급은 혼합 (고객 수요에 맞춤).,마켓 메이킹 + 차익거래. 고객 주문 헤징 + 자체 차익. 옵션 마켓 메이킹으로 바이델타 헤징. 변동성 매매도 일부.,투자은행은 자기 자본으로 시장 유동성을 공급하는 역할. 프랍 트레이딩으로 수익 추구 + 마켓 메이킹으로 수수료 수익. 파생상품은 고객 헤징 주문 처리 + 자체 차익용이므로 비율이 높지만 투기 목적은 아님.,세계 최대 투자은행. 프랍 트레이딩+시장 메이킹. 호가창 촘촘히 유지+차익거래.
IB-02,LP,Morgan Stanley,IB,세계적 IB,ACTIVE,액티브,GLOBAL,MARKET_MAKER,마켓 메이킹형,3000000000000000,3000조,0.46,0.62,,99.0,0.43,0.90,37.4,25.3,22.2,9.7,혼합 (우량+일부 고수익),마켓 메이킹 (유동성 공급),프랍 트레이딩 + 마켓 메이킹 인벤토리. 기관 고객 주문 실행. 자기 자본으로 방향성 베팅도 일부 수행.,마켓 메이킹 인벤토리. 국채·회사채 모두 취급. 유통시장 유동성 공급 역할. 등급은 혼합 (고객 수요에 맞춤).,마켓 메이킹 + 차익거래. 고객 주문 헤징 + 자체 차익. 옵션 마켓 메이킹으로 바이델타 헤징. 변동성 매매도 일부.,투자은행은 자기 자본으로 시장 유동성을 공급하는 역할. 프랍 트레이딩으로 수익 추구 + 마켓 메이킹으로 수수료 수익. 파생상품은 고객 헤징 주문 처리 + 자체 차익용이므로 비율이 높지만 투기 목적은 아님.,투자은행. 시장 메이킹+기관 주문 실행. 호가 유동성 공급.
IB-03,LP,JPMorgan Chase (IB),IB,세계적 IB,ACTIVE,액티브,GLOBAL,MARKET_MAKER,마켓 메이킹형,3000000000000000,3000조,0.45,0.61,,99.0,0.49,0.90,39.5,26.5,23.9,11.6,혼합 (우량+일부 고수익),마켓 메이킹 (유동성 공급),프랍 트레이딩 + 마켓 메이킹 인벤토리. 기관 고객 주문 실행. 자기 자본으로 방향성 베팅도 일부 수행.,마켓 메이킹 인벤토리. 국채·회사채 모두 취급. 유통시장 유동성 공급 역할. 등급은 혼합 (고객 수요에 맞춤).,마켓 메이킹 + 차익거래. 고객 주문 헤징 + 자체 차익. 옵션 마켓 메이킹으로 바이델타 헤징. 변동성 매매도 일부.,투자은행은 자기 자본으로 시장 유동성을 공급하는 역할. 프랍 트레이딩으로 수익 추구 + 마켓 메이킹으로 수수료 수익. 파생상품은 고객 헤징 주문 처리 + 자체 차익용이므로 비율이 높지만 투기 목적은 아님.,대형 투자은행. 프랍+마켓 메이킹. 글로벌 유동성 공급.
IB-04,LP,Deutsche Bank,IB,세계적 IB,ACTIVE,액티브,GLOBAL,ARBITRAGER,차익거래형,3000000000000000,3000조,0.65,0.18,,99.0,0.34,0.90,43.6,23.2,27.9,11.5,혼합 (우량+일부 고수익),마켓 메이킹 (유동성 공급),프랍 트레이딩 + 마켓 메이킹 인벤토리. 기관 고객 주문 실행. 자기 자본으로 방향성 베팅도 일부 수행.,마켓 메이킹 인벤토리. 국채·회사채 모두 취급. 유통시장 유동성 공급 역할. 등급은 혼합 (고객 수요에 맞춤).,마켓 메이킹 + 차익거래. 고객 주문 헤징 + 자체 차익. 옵션 마켓 메이킹으로 바이델타 헤징. 변동성 매매도 일부.,투자은행은 자기 자본으로 시장 유동성을 공급하는 역할. 프랍 트레이딩으로 수익 추구 + 마켓 메이킹으로 수수료 수익. 파생상품은 고객 헤징 주문 처리 + 자체 차익용이므로 비율이 높지만 투기 목적은 아님.,유럽 최대 IB. 차익거래+알고리즘 매매. 가격 차이 이용.
IB-05,LP,UBS Group,IB,세계적 IB,ACTIVE,액티브,GLOBAL,MARKET_MAKER,마켓 메이킹형,3000000000000000,3000조,0.53,0.60,,99.0,0.49,0.90,38.3,23,24.8,9.9,혼합 (우량+일부 고수익),마켓 메이킹 (유동성 공급),프랍 트레이딩 + 마켓 메이킹 인벤토리. 기관 고객 주문 실행. 자기 자본으로 방향성 베팅도 일부 수행.,마켓 메이킹 인벤토리. 국채·회사채 모두 취급. 유통시장 유동성 공급 역할. 등급은 혼합 (고객 수요에 맞춤).,마켓 메이킹 + 차익거래. 고객 주문 헤징 + 자체 차익. 옵션 마켓 메이킹으로 바이델타 헤징. 변동성 매매도 일부.,투자은행은 자기 자본으로 시장 유동성을 공급하는 역할. 프랍 트레이딩으로 수익 추구 + 마켓 메이킹으로 수수료 수익. 파생상품은 고객 헤징 주문 처리 + 자체 차익용이므로 비율이 높지만 투기 목적은 아님.,스위스 대형 IB. 프라이빗 뱅킹+마켓 메이킹.
IB-06,LP,Credit Suisse,IB,세계적 IB,ACTIVE,액티브,GLOBAL,ARBITRAGER,차익거래형,3000000000000000,3000조,0.50,0.20,,99.0,0.38,0.90,38.2,26.8,24.6,9.9,혼합 (우량+일부 고수익),마켓 메이킹 (유동성 공급),프랍 트레이딩 + 마켓 메이킹 인벤토리. 기관 고객 주문 실행. 자기 자본으로 방향성 베팅도 일부 수행.,마켓 메이킹 인벤토리. 국채·회사채 모두 취급. 유통시장 유동성 공급 역할. 등급은 혼합 (고객 수요에 맞춤).,마켓 메이킹 + 차익거래. 고객 주문 헤징 + 자체 차익. 옵션 마켓 메이킹으로 바이델타 헤징. 변동성 매매도 일부.,투자은행은 자기 자본으로 시장 유동성을 공급하는 역할. 프랍 트레이딩으로 수익 추구 + 마켓 메이킹으로 수수료 수익. 파생상품은 고객 헤징 주문 처리 + 자체 차익용이므로 비율이 높지만 투기 목적은 아님.,스위스 IB. 차익거래+위험 중립 전략.
IB-07,LP,Barclays (IB),IB,세계적 IB,ACTIVE,액티브,GLOBAL,MARKET_MAKER,마켓 메이킹형,3000000000000000,3000조,0.53,0.65,,99.0,0.41,0.90,38.8,25.4,22.7,10.1,혼합 (우량+일부 고수익),마켓 메이킹 (유동성 공급),프랍 트레이딩 + 마켓 메이킹 인벤토리. 기관 고객 주문 실행. 자기 자본으로 방향성 베팅도 일부 수행.,마켓 메이킹 인벤토리. 국채·회사채 모두 취급. 유통시장 유동성 공급 역할. 등급은 혼합 (고객 수요에 맞춤).,마켓 메이킹 + 차익거래. 고객 주문 헤징 + 자체 차익. 옵션 마켓 메이킹으로 바이델타 헤징. 변동성 매매도 일부.,투자은행은 자기 자본으로 시장 유동성을 공급하는 역할. 프랍 트레이딩으로 수익 추구 + 마켓 메이킹으로 수수료 수익. 파생상품은 고객 헤징 주문 처리 + 자체 차익용이므로 비율이 높지만 투기 목적은 아님.,영국 IB. 마켓 메이킹+유동성 공급.
IB-08,LP,Citi (Institutional),IB,세계적 IB,ACTIVE,액티브,GLOBAL,MARKET_MAKER,마켓 메이킹형,3000000000000000,3000조,0.42,0.63,,99.0,0.52,0.90,36.2,23.7,21.7,10.2,혼합 (우량+일부 고수익),마켓 메이킹 (유동성 공급),프랍 트레이딩 + 마켓 메이킹 인벤토리. 기관 고객 주문 실행. 자기 자본으로 방향성 베팅도 일부 수행.,마켓 메이킹 인벤토리. 국채·회사채 모두 취급. 유통시장 유동성 공급 역할. 등급은 혼합 (고객 수요에 맞춤).,마켓 메이킹 + 차익거래. 고객 주문 헤징 + 자체 차익. 옵션 마켓 메이킹으로 바이델타 헤징. 변동성 매매도 일부.,투자은행은 자기 자본으로 시장 유동성을 공급하는 역할. 프랍 트레이딩으로 수익 추구 + 마켓 메이킹으로 수수료 수익. 파생상품은 고객 헤징 주문 처리 + 자체 차익용이므로 비율이 높지만 투기 목적은 아님.,시티그룹 기관 부문. 글로벌 마켓 메이킹.
IB-09,LP,HSBC Global Banking,IB,세계적 IB,ACTIVE,액티브,GLOBAL,ARBITRAGER,차익거래형,3000000000000000,3000조,0.69,0.12,,99.0,0.34,0.90,43.9,22.2,26.5,11.2,혼합 (우량+일부 고수익),마켓 메이킹 (유동성 공급),프랍 트레이딩 + 마켓 메이킹 인벤토리. 기관 고객 주문 실행. 자기 자본으로 방향성 베팅도 일부 수행.,마켓 메이킹 인벤토리. 국채·회사채 모두 취급. 유통시장 유동성 공급 역할. 등급은 혼합 (고객 수요에 맞춤).,마켓 메이킹 + 차익거래. 고객 주문 헤징 + 자체 차익. 옵션 마켓 메이킹으로 바이델타 헤징. 변동성 매매도 일부.,투자은행은 자기 자본으로 시장 유동성을 공급하는 역할. 프랍 트레이딩으로 수익 추구 + 마켓 메이킹으로 수수료 수익. 파생상품은 고객 헤징 주문 처리 + 자체 차익용이므로 비율이 높지만 투기 목적은 아님.,아시아-유럽 축차 IB. 차익거래+유동성 공급.
IB-10,LP,BNP Paribas (IB),IB,세계적 IB,ACTIVE,액티브,GLOBAL,MARKET_MAKER,마켓 메이킹형,3000000000000000,3000조,0.48,0.51,,99.0,0.41,0.90,39.7,23.7,23.8,10.2,혼합 (우량+일부 고수익),마켓 메이킹 (유동성 공급),프랍 트레이딩 + 마켓 메이킹 인벤토리. 기관 고객 주문 실행. 자기 자본으로 방향성 베팅도 일부 수행.,마켓 메이킹 인벤토리. 국채·회사채 모두 취급. 유통시장 유동성 공급 역할. 등급은 혼합 (고객 수요에 맞춤).,마켓 메이킹 + 차익거래. 고객 주문 헤징 + 자체 차익. 옵션 마켓 메이킹으로 바이델타 헤징. 변동성 매매도 일부.,투자은행은 자기 자본으로 시장 유동성을 공급하는 역할. 프랍 트레이딩으로 수익 추구 + 마켓 메이킹으로 수수료 수익. 파생상품은 고객 헤징 주문 처리 + 자체 차익용이므로 비율이 높지만 투기 목적은 아님.,유럽 대형 IB. 마켓 메이킹+기관 주문.
MACRO-01,MACRO,BlackRock Strategic,PE_HEDGE,사모펀드,ACTIVE,액티브,GLOBAL,MOMENTUM,모멘텀 가속형,100000000000000,100조,0.94,0.18,,99.0,0.92,0.85,54.6,12.8,38.8,9.8,고수익채 (정크본드),투기 (방향성 베팅),롱숏 전략. 강세주 매수·약세주 공매도. 모멘텀 타기. 레버리지 활용. 변동성이 수익의 원천.,고수익채(정크본드·딜런스드 디스트레스드 채권) 매입. 부도 위험이 높지만 수익률도 높은 채권 선호. 일부 헷징용 CDS 보유.,공격적 투기. 레버리지 옵션·크레딧 디폴트 스왑(CDS). 방향성 베팅 적극. 숏 선물로 하락 베팅. 변동성 매매(VIX)도 활용.,"헤지펀드는 절대 수익(Absolute Return)이 유일한 목표. 벤치마크 없음. 고객이 위험을 감수할 각오가 되어 있으므로 파생상품·정크본드 비율이 가장 높음. 단, 리스크 관리를 위해 일부 헷징은 병행.",매크로 전략. 뉴스 즉시 반응. 모멘텀 가속화.
MACRO-02,MACRO,Bridgewater Alpha,PE_HEDGE,사모펀드,ACTIVE,액티브,GLOBAL,MOMENTUM,모멘텀 가속형,100000000000000,100조,0.88,0.17,,99.0,0.91,0.85,50.4,13.4,32,8.4,고수익채 (정크본드),투기 (방향성 베팅),롱숏 전략. 강세주 매수·약세주 공매도. 모멘텀 타기. 레버리지 활용. 변동성이 수익의 원천.,고수익채(정크본드·딜런스드 디스트레스드 채권) 매입. 부도 위험이 높지만 수익률도 높은 채권 선호. 일부 헷징용 CDS 보유.,공격적 투기. 레버리지 옵션·크레딧 디폴트 스왑(CDS). 방향성 베팅 적극. 숏 선물로 하락 베팅. 변동성 매매(VIX)도 활용.,"헤지펀드는 절대 수익(Absolute Return)이 유일한 목표. 벤치마크 없음. 고객이 위험을 감수할 각오가 되어 있으므로 파생상품·정크본드 비율이 가장 높음. 단, 리스크 관리를 위해 일부 헷징은 병행.",매크로 헤지. 뉴스 즉시 반응. 위기 시 공격적 매매.
MACRO-03,MACRO,Soros Fund Management,PE_HEDGE,사모펀드,ACTIVE,액티브,GLOBAL,MOMENTUM,모멘텀 가속형,100000000000000,100조,0.89,0.10,,99.0,0.95,0.85,48.4,12,38.4,9.4,고수익채 (정크본드),투기 (방향성 베팅),롱숏 전략. 강세주 매수·약세주 공매도. 모멘텀 타기. 레버리지 활용. 변동성이 수익의 원천.,고수익채(정크본드·딜런스드 디스트레스드 채권) 매입. 부도 위험이 높지만 수익률도 높은 채권 선호. 일부 헷징용 CDS 보유.,공격적 투기. 레버리지 옵션·크레딧 디폴트 스왑(CDS). 방향성 베팅 적극. 숏 선물로 하락 베팅. 변동성 매매(VIX)도 활용.,"헤지펀드는 절대 수익(Absolute Return)이 유일한 목표. 벤치마크 없음. 고객이 위험을 감수할 각오가 되어 있으므로 파생상품·정크본드 비율이 가장 높음. 단, 리스크 관리를 위해 일부 헷징은 병행.",전설적 매크로 펀드. 뉴스 즉시 반응. 모멘텀 가속화.
MACRO-04,MACRO,Tudor Investment Corp,PE_HEDGE,사모펀드,ACTIVE,액티브,GLOBAL,MOMENTUM,모멘텀 가속형,100000000000000,100조,0.94,0.13,,99.0,0.94,0.85,49.1,9.5,42.4,6.7,고수익채 (정크본드),투기 (방향성 베팅),롱숏 전략. 강세주 매수·약세주 공매도. 모멘텀 타기. 레버리지 활용. 변동성이 수익의 원천.,고수익채(정크본드·딜런스드 디스트레스드 채권) 매입. 부도 위험이 높지만 수익률도 높은 채권 선호. 일부 헷징용 CDS 보유.,공격적 투기. 레버리지 옵션·크레딧 디폴트 스왑(CDS). 방향성 베팅 적극. 숏 선물로 하락 베팅. 변동성 매매(VIX)도 활용.,"헤지펀드는 절대 수익(Absolute Return)이 유일한 목표. 벤치마크 없음. 고객이 위험을 감수할 각오가 되어 있으므로 파생상품·정크본드 비율이 가장 높음. 단, 리스크 관리를 위해 일부 헷징은 병행.",매크로 펀드. 뉴스 즉시 반응. 단기 모멘텀.
MACRO-05,MACRO,Brevan Howard,PE_HEDGE,사모펀드,ACTIVE,액티브,GLOBAL,MOMENTUM,모멘텀 가속형,100000000000000,100조,0.87,0.16,,99.0,0.92,0.85,44.1,9.7,33.9,6.9,고수익채 (정크본드),투기 (방향성 베팅),롱숏 전략. 강세주 매수·약세주 공매도. 모멘텀 타기. 레버리지 활용. 변동성이 수익의 원천.,고수익채(정크본드·딜런스드 디스트레스드 채권) 매입. 부도 위험이 높지만 수익률도 높은 채권 선호. 일부 헷징용 CDS 보유.,공격적 투기. 레버리지 옵션·크레딧 디폴트 스왑(CDS). 방향성 베팅 적극. 숏 선물로 하락 베팅. 변동성 매매(VIX)도 활용.,"헤지펀드는 절대 수익(Absolute Return)이 유일한 목표. 벤치마크 없음. 고객이 위험을 감수할 각오가 되어 있으므로 파생상품·정크본드 비율이 가장 높음. 단, 리스크 관리를 위해 일부 헷징은 병행.",매크로 채권 편향. 뉴스 즉시 반응. 금리/채권 민감.